date,year,month,lst_day_mean,lst_night_mean,dtr_mean
2000-11-08,2000,11,29.502108,14.361339,15.144542
2000-11-16,2000,11,28.1266,12.736374,15.386528
2000-11-24,2000,11,26.4034,11.434251,14.818676
2000-12-02,2000,12,25.972359,9.490337,16.426857
2000-12-10,2000,12,25.703302,9.664399,15.93362
2000-12-18,2000,12,25.281479,9.141086,16.01206
2000-12-26,2000,12,24.285473,9.121071,15.209657
2001-01-01,2001,1,22.548216,8.903512,13.391959
2001-01-09,2001,1,23.656467,9.207696,14.257531
2001-01-17,2001,1,24.832811,9.495408,15.0358715
2001-01-25,2001,1,25.817247,8.72055,16.88384
2001-02-02,2001,2,27.603271,10.230999,17.211079
2001-02-10,2001,2,28.74815,11.626885,16.891037
2001-02-18,2001,2,30.381844,13.552098,16.672607
2001-02-26,2001,2,30.242075,13.1944685,16.89687
2001-03-06,2001,3,32.439022,14.16829,18.249556
2001-03-14,2001,3,34.47144,16.201275,18.202951
2001-03-22,2001,3,35.3898,17.015516,18.389593
2001-03-30,2001,3,36.615158,17.079437,19.403147
2001-04-07,2001,4,38.50489,18.091362,20.365263
2001-04-15,2001,4,36.93096,18.452425,18.32656
2001-04-23,2001,4,40.061142,21.130451,19.06391
2001-05-01,2001,5,39.079315,22.040297,17.34314
2001-05-09,2001,5,38.72343,22.655928,16.114021
2001-05-17,2001,5,37.339375,20.762,16.40969
2001-05-25,2001,5,37.13431,21.582512,15.598401
2001-06-02,2001,6,35.016254,19.112165,13.74172
2001-06-10,2001,6,34.54714,20.433805,13.800525
2001-07-04,2001,7,30.206068,19.793438,11.455792
2001-07-12,2001,7,29.901932,14.287225,15.148861
2001-07-20,2001,7,27.622288,14.843722,14.354409
2001-07-28,2001,7,28.533428,17.551958,12.459043
2001-08-05,2001,8,28.760786,19.258759,10.491281
2001-08-13,2001,8,28.116867,17.714674,11.837662
2001-08-21,2001,8,29.268427,18.871294,10.431995
2001-08-29,2001,8,29.828344,19.010923,11.114849
2001-09-06,2001,9,31.222511,19.446798,11.756177
2001-09-14,2001,9,31.496498,19.7018,11.387112
2001-09-22,2001,9,32.076702,19.41563,12.622345
2001-09-30,2001,9,31.226513,17.89202,13.740618
2001-10-08,2001,10,29.917784,18.06871,11.936054
2001-10-16,2001,10,30.4718,17.249022,13.278575
2001-10-24,2001,10,30.979492,17.352793,13.669982
2001-11-01,2001,11,29.46731,15.738665,13.666172
2001-11-09,2001,11,28.074345,13.844948,14.27479
2001-11-17,2001,11,27.663515,13.994163,13.747805
2001-11-25,2001,11,26.184309,11.748178,14.399646
2001-12-03,2001,12,26.177141,11.373408,14.670276
2001-12-11,2001,12,24.866135,11.170798,13.413555
2001-12-19,2001,12,22.82008,9.455612,13.756915
2001-12-27,2001,12,22.836277,9.55387,13.085546
2002-01-01,2002,1,22.453033,9.05757,13.327455
2002-01-09,2002,1,24.037502,10.165561,13.834375
2002-01-17,2002,1,23.591503,10.33962,12.813659
2002-01-25,2002,1,22.795263,8.947717,13.7066555
2002-02-02,2002,2,24.447279,10.162727,13.888243
2002-02-10,2002,2,25.8263,12.215402,13.5017805
2002-02-18,2002,2,29.10452,13.964292,15.107065
2002-02-26,2002,2,29.653992,13.740476,16.080465
2002-03-06,2002,3,30.944454,14.8654,16.017328
2002-03-14,2002,3,34.064697,16.151787,18.018959
2002-03-22,2002,3,38.60235,15.148876,23.026913
2002-03-30,2002,3,35.76709,18.029184,17.78652
2002-04-07,2002,4,37.087555,18.690645,18.460087
2002-04-15,2002,4,39.82112,21.212824,18.894258
2002-04-23,2002,4,38.23174,19.622147,18.264095
2002-05-01,2002,5,38.202457,21.649706,16.408566
2002-05-09,2002,5,37.925564,23.062407,14.938607
2002-05-17,2002,5,37.970264,22.622953,15.527922
2002-05-25,2002,5,36.594204,21.507345,15.105278
2002-06-02,2002,6,37.06219,22.190428,14.648021
2002-06-10,2002,6,36.103054,21.299011,14.24475
2002-06-18,2002,6,33.47365,20.682714,13.329896
2002-06-26,2002,6,32.36555,20.20177,12.760716
2002-07-04,2002,7,32.402596,20.742851,11.642368
2002-07-12,2002,7,34.014805,21.00443,13.034272
2002-07-20,2002,7,29.706553,18.809877,12.425771
2002-07-28,2002,7,32.68123,18.188913,14.584397
2002-08-05,2002,8,29.80368,17.59148,13.326785
2002-08-13,2002,8,28.840158,16.726675,13.30302
2002-08-21,2002,8,30.156916,20.234333,10.778685
2002-08-29,2002,8,29.656075,19.10692,10.594282
2002-09-06,2002,9,29.874065,19.104036,10.918139
2002-09-14,2002,9,30.26666,19.656015,10.035797
2002-09-22,2002,9,31.928799,19.422094,12.664483
2002-09-30,2002,9,33.322815,19.538403,13.849015
2002-10-08,2002,10,31.69333,18.876562,12.814889
2002-10-16,2002,10,30.338278,17.31686,12.829922
2002-10-24,2002,10,29.900997,14.8700285,14.914003
2002-11-01,2002,11,29.298658,14.87122,14.435287
2002-11-09,2002,11,27.681866,13.8847065,13.72051
2002-11-17,2002,11,28.082632,12.149994,15.816685
2002-11-25,2002,11,27.609592,12.080978,15.470436
2002-12-03,2002,12,25.453787,11.220893,14.072159
2002-12-11,2002,12,26.104074,11.541168,14.264936
2002-12-19,2002,12,25.182793,11.144665,13.893277
2002-12-27,2002,12,23.507542,9.671655,13.623706
2003-01-01,2003,1,22.689608,9.725725,12.770639
2003-01-09,2003,1,22.819586,8.17803,13.787559
2003-01-17,2003,1,25.298462,9.601214,15.052942
2003-01-25,2003,1,26.768892,11.621851,13.9342985
2003-02-02,2003,2,25.292896,12.105229,13.06587
2003-02-10,2003,2,26.661852,12.488378,14.12179
2003-02-18,2003,2,28.316986,13.450402,14.1725025
2003-02-26,2003,2,30.119553,13.746225,15.807418
2003-03-06,2003,3,30.376415,13.131548,16.992567
2003-03-14,2003,3,32.026726,15.585128,16.182085
2003-03-22,2003,3,34.807053,17.692282,16.449377
2003-03-30,2003,3,35.270317,18.42346,16.390772
2003-04-07,2003,4,37.204548,19.677832,17.589096
2003-04-15,2003,4,38.59861,20.384912,18.413052
2003-04-23,2003,4,39.196598,21.252283,18.228775
2003-05-01,2003,5,37.76384,19.681953,17.96085
2003-05-09,2003,5,37.49108,20.00591,17.601088
2003-05-17,2003,5,38.51289,22.060051,16.284935
2003-05-25,2003,5,38.742424,22.327026,16.369907
2003-06-02,2003,6,38.342247,23.082203,15.606195
2003-06-10,2003,6,37.184055,22.003702,14.460173
2003-06-18,2003,6,33.422703,18.084547,13.542798
2003-06-26,2003,6,31.273172,18.778114,12.886605
2003-07-04,2003,7,31.796305,16.208986,15.823779
2003-07-12,2003,7,30.899393,19.697485,12.286224
2003-07-20,2003,7,29.759354,19.058067,11.726207
2003-07-28,2003,7,28.821714,17.611855,13.185001
2003-08-05,2003,8,30.075327,20.15818,10.359229
2003-08-13,2003,8,28.849442,17.846165,12.259205
2003-08-21,2003,8,28.128162,19.462784,10.195706
2003-08-29,2003,8,28.36257,16.714916,12.162173
2003-09-06,2003,9,29.024923,18.236412,10.971598
2003-09-14,2003,9,30.202297,18.848858,11.462029
2003-09-22,2003,9,29.952679,18.149672,12.160775
2003-09-30,2003,9,29.87385,18.196447,11.8933
2003-10-08,2003,10,30.530268,17.767365,12.827248
2003-10-16,2003,10,30.044506,16.008005,14.104578
2003-10-24,2003,10,29.37784,16.797552,12.70172
2003-11-01,2003,11,29.20306,16.123495,13.085106
2003-11-09,2003,11,27.841946,14.074356,13.730451
2003-11-17,2003,11,26.174698,13.064137,13.114992
2003-11-25,2003,11,25.702934,11.679308,13.9908905
2003-12-03,2003,12,25.671783,11.477628,14.066095
2003-12-11,2003,12,24.669596,12.331583,12.420923
2003-12-19,2003,12,23.110237,9.859082,12.60978
2003-12-27,2003,12,21.259754,8.956916,11.770258
2004-01-01,2004,1,21.402998,9.167983,11.749191
2004-01-09,2004,1,23.57005,10.21463,13.297973
2004-01-17,2004,1,23.604025,10.809238,12.376414
2004-01-25,2004,1,22.572672,10.0611925,11.993502
2004-02-02,2004,2,24.059805,9.52697,14.3478155
2004-02-10,2004,2,26.726963,12.271812,14.43693
2004-02-18,2004,2,29.303988,13.690518,15.590082
2004-02-26,2004,2,31.574282,14.575413,17.169075
2004-03-05,2004,3,32.83257,15.640163,17.141178
2004-03-13,2004,3,36.553368,18.054022,18.267067
2004-03-21,2004,3,36.324524,18.462778,17.740372
2004-03-29,2004,3,36.064686,18.21521,17.757515
2004-04-06,2004,4,38.013126,20.254683,17.826294
2004-04-14,2004,4,38.878834,21.456945,17.591774
2004-04-22,2004,4,37.19807,20.320211,17.001003
2004-04-30,2004,4,37.251408,19.727352,17.533646
2004-05-08,2004,5,37.587257,22.659071,15.217041
2004-05-16,2004,5,38.58108,22.632574,15.811491
2004-05-24,2004,5,36.608383,21.74929,14.979408
2004-06-01,2004,6,36.76288,21.386238,15.286069
2004-06-09,2004,6,35.556183,20.806688,14.798144
2004-06-17,2004,6,31.008461,19.415865,11.481252
2004-06-25,2004,6,34.35066,21.15552,12.933063
2004-07-03,2004,7,32.551632,16.712921,15.8274145
2004-07-11,2004,7,32.24243,18.995674,13.383427
2004-07-19,2004,7,31.475168,18.573387,12.634593
2004-07-27,2004,7,29.161755,15.022218,15.124269
2004-08-04,2004,8,29.184168,17.018791,12.816499
2004-08-12,2004,8,29.114706,17.672697,13.496774
2004-08-20,2004,8,28.664791,18.705627,10.34861
2004-08-28,2004,8,30.2172,19.487293,10.806284
2004-09-05,2004,9,31.355957,19.980907,11.581419
2004-09-13,2004,9,30.910433,19.45904,11.795213
2004-09-21,2004,9,30.482285,18.896172,11.545133
2004-09-29,2004,9,30.356337,19.439772,10.92758
2004-10-07,2004,10,29.155405,17.866219,11.1673765
2004-10-15,2004,10,28.835476,16.44566,12.565671
2004-10-23,2004,10,28.376505,15.341833,13.132857
2004-10-31,2004,10,27.715353,13.229779,14.5334
2004-11-08,2004,11,27.752502,13.927667,13.839377
2004-11-16,2004,11,27.708858,13.390156,14.289592
2004-11-24,2004,11,26.221235,12.703301,13.472
2004-12-02,2004,12,24.972843,11.052356,13.909801
2004-12-10,2004,12,25.453163,11.271826,13.851923
2004-12-18,2004,12,24.464827,10.477844,13.2295265
2004-12-26,2004,12,22.947842,9.322125,13.178269
2005-01-01,2005,1,22.969923,10.3105135,12.241783
2005-01-09,2005,1,22.907541,9.264923,13.452615
2005-01-17,2005,1,21.773865,9.17501,12.283296
2005-01-25,2005,1,22.809263,10.068033,12.356418
2005-02-02,2005,2,25.647516,11.365645,12.65899
2005-02-10,2005,2,29.505241,12.649233,14.640606
2005-02-18,2005,2,27.1232,11.812925,15.060908
2005-02-26,2005,2,31.308681,15.075809,15.783573
2005-03-06,2005,3,30.577667,15.666351,14.877278
2005-03-14,2005,3,34.933224,17.756971,17.18915
2005-03-22,2005,3,34.434097,16.664234,17.548115
2005-03-30,2005,3,36.659714,17.09637,19.669197
2005-04-07,2005,4,35.756947,16.946405,18.854668
2005-04-15,2005,4,38.02961,19.146355,19.032488
2005-04-23,2005,4,37.19443,19.549063,17.847729
2005-05-01,2005,5,36.65941,19.872366,16.763865
2005-05-09,2005,5,38.81844,20.989624,17.601728
2005-05-17,2005,5,39.57571,22.140882,17.611906
2005-05-25,2005,5,39.954674,21.934084,17.618277
2005-06-02,2005,6,38.62453,22.553434,16.008574
2005-06-10,2005,6,37.16616,21.94724,15.351025
2005-06-18,2005,6,39.64451,21.51455,16.31086
2005-06-26,2005,6,30.533989,17.620613,14.051165
2005-07-04,2005,7,30.604916,19.624973,11.825917
2005-07-12,2005,7,30.174019,18.545053,11.608938
2005-07-20,2005,7,29.958336,18.217182,12.32692
2005-07-28,2005,7,28.962332,19.208075,12.541785
2005-08-05,2005,8,28.769785,18.86785,10.768761
2005-08-13,2005,8,29.547087,19.008205,12.78924
2005-08-21,2005,8,30.344889,19.513344,10.6225
2005-08-29,2005,8,32.15109,21.243155,11.240902
2005-09-06,2005,9,30.687862,19.10727,10.923326
2005-09-14,2005,9,29.119286,19.433832,9.844418
2005-09-22,2005,9,28.989132,19.521336,9.337412
2005-09-30,2005,9,30.68896,19.530499,11.130013
2005-10-08,2005,10,31.007986,18.546045,12.506985
2005-10-16,2005,10,29.305752,15.539674,14.209125
2005-10-24,2005,10,28.59319,14.585395,13.937008
2005-11-01,2005,11,27.286486,13.704573,13.639501
2005-11-09,2005,11,27.66611,12.941672,14.58154
2005-11-17,2005,11,27.105858,11.814492,15.230346
2005-11-25,2005,11,25.009172,11.293459,13.507824
2005-12-03,2005,12,24.418634,10.070953,14.31409
2005-12-11,2005,12,23.144844,8.451577,14.676609
2005-12-19,2005,12,22.33434,9.695201,12.610507
2005-12-27,2005,12,23.548798,9.795082,13.112281
2006-01-01,2006,1,21.99583,8.843453,12.851269
2006-01-09,2006,1,24.28617,9.9597,13.658348
2006-01-17,2006,1,24.303904,10.348519,13.714792
2006-01-25,2006,1,24.774662,9.85418,14.581317
2006-02-02,2006,2,26.92798,12.198547,14.720433
2006-02-10,2006,2,28.581001,13.825641,14.801768
2006-02-18,2006,2,32.791405,15.450411,16.250317
2006-02-26,2006,2,30.711643,14.974646,15.737241
2006-03-06,2006,3,29.987665,15.05488,14.989203
2006-03-14,2006,3,31.495096,15.408816,15.803242
2006-03-22,2006,3,34.44245,16.550585,17.84859
2006-03-30,2006,3,36.561314,18.326462,18.307755
2006-04-07,2006,4,37.238308,18.91804,18.297392
2006-04-15,2006,4,35.062347,18.308365,16.762684
2006-04-23,2006,4,37.935154,21.303812,16.67111
2006-05-01,2006,5,38.2614,22.170118,16.19156
2006-05-09,2006,5,37.3609,22.323883,15.209612
2006-05-17,2006,5,35.9982,21.722605,14.273041
2006-05-25,2006,5,35.38628,21.212843,13.919633
2006-06-02,2006,6,34.345936,19.30616,14.019751
2006-06-10,2006,6,36.42157,21.523613,14.495832
2006-06-18,2006,6,36.266296,21.342272,14.146681
2006-06-26,2006,6,32.564873,19.298923,13.436499
2006-07-04,2006,7,32.02457,20.072058,13.306722
2006-07-12,2006,7,29.684523,16.930758,13.521283
2006-07-20,2006,7,30.261967,19.232704,13.878387
2006-07-28,2006,7,27.754515,17.8737,11.4351845
2006-08-05,2006,8,28.742517,19.720442,9.497246
2006-08-13,2006,8,29.623995,18.970306,10.025103
2006-08-21,2006,8,28.132637,17.571148,11.611524
2006-08-29,2006,8,29.069046,19.232729,9.314259
2006-09-06,2006,9,29.792662,20.499123,9.231168
2006-09-14,2006,9,29.960623,19.84343,10.353374
2006-09-22,2006,9,29.701773,19.681137,10.021911
2006-09-30,2006,9,30.995073,20.288553,10.838945
2006-10-08,2006,10,31.33723,19.542274,11.811868
2006-10-16,2006,10,30.074377,17.861197,12.226481
2006-10-24,2006,10,29.006077,16.388006,12.604561
2006-11-01,2006,11,28.256897,15.484645,12.853751
2006-11-09,2006,11,27.553947,14.898744,12.679118
2006-11-17,2006,11,26.595657,13.284627,13.10292
2006-11-25,2006,11,25.065245,11.710917,13.1546755
2006-12-03,2006,12,24.532904,11.814786,12.418112
2006-12-11,2006,12,23.090536,10.181002,12.820184
2006-12-19,2006,12,23.171667,10.720291,12.226085
2006-12-27,2006,12,22.999495,10.448792,12.495974
2007-01-01,2007,1,22.22331,9.125504,13.037147
2007-01-09,2007,1,22.59169,9.076363,13.104067
2007-01-17,2007,1,22.874077,9.1757,13.6007185
2007-01-25,2007,1,25.719841,12.10636,13.594922
2007-02-02,2007,2,26.537174,12.896533,13.385007
2007-02-10,2007,2,24.875917,11.77008,12.394917
2007-02-18,2007,2,27.339956,12.596507,14.562581
2007-02-26,2007,2,28.550665,13.541715,14.626144
2007-03-06,2007,3,29.960108,14.231441,15.534518
2007-03-14,2007,3,31.703653,15.466352,15.893037
2007-03-22,2007,3,35.01218,17.562626,17.45158
2007-03-30,2007,3,37.52976,19.407804,18.165173
2007-04-07,2007,4,37.24595,19.668816,17.71855
2007-04-15,2007,4,37.277523,20.703335,16.619059
2007-04-23,2007,4,38.872574,21.272089,17.649853
2007-05-01,2007,5,38.58084,22.522123,16.110075
2007-05-09,2007,5,37.93022,22.2091,15.766998
2007-05-17,2007,5,38.26031,22.188416,16.09346
2007-05-25,2007,5,39.04969,21.690483,17.071043
2007-06-02,2007,6,39.000195,23.088331,15.612928
2007-06-10,2007,6,36.849888,20.4936,15.693968
2007-06-18,2007,6,33.96479,20.554913,13.593776
2007-06-26,2007,6,31.069906,20.153414,12.600299
2007-07-04,2007,7,29.839258,19.285702,12.133684
2007-07-12,2007,7,30.611017,17.754705,12.535608
2007-07-20,2007,7,32.25506,18.64401,13.840587
2007-07-28,2007,7,29.049349,17.93068,12.826204
2007-08-05,2007,8,29.006062,20.481766,11.273861
2007-08-13,2007,8,29.265295,18.930254,11.431324
2007-08-21,2007,8,29.496786,19.457775,10.377649
2007-08-29,2007,8,28.695393,16.933737,11.885013
2007-09-06,2007,9,28.926249,19.449799,9.151273
2007-09-14,2007,9,29.773922,19.92546,10.106372
2007-09-22,2007,9,29.416475,18.051567,11.356995
2007-09-30,2007,9,30.031036,17.41913,12.568568
2007-10-08,2007,10,30.683,16.992668,13.743608
2007-10-16,2007,10,30.074392,15.419153,14.2424755
2007-10-24,2007,10,29.33939,15.252981,14.188198
2007-11-01,2007,11,28.990988,16.144062,12.873623
2007-11-09,2007,11,28.185343,14.457904,13.656167
2007-11-17,2007,11,27.160395,12.342261,14.770893
2007-11-25,2007,11,26.335485,12.254177,14.012705
2007-12-03,2007,12,23.810225,10.827174,12.857392
2007-12-11,2007,12,22.438576,9.618017,12.5553465
2007-12-19,2007,12,24.176262,10.400352,13.636615
2007-12-27,2007,12,23.663256,10.075852,13.479875
2008-01-01,2008,1,23.664408,9.74042,13.040296
2008-01-09,2008,1,23.959702,10.19797,12.761373
2008-01-17,2008,1,24.008862,8.927795,13.310028
2008-01-25,2008,1,21.639318,7.484186,13.671031
2008-02-02,2008,2,22.627005,8.732712,13.166529
2008-02-10,2008,2,24.68523,9.678025,14.691167
2008-02-18,2008,2,27.27219,12.329589,14.7929735
2008-02-26,2008,2,30.143532,13.437414,16.657457
2008-03-05,2008,3,31.754995,15.289235,16.439766
2008-03-13,2008,3,33.3661,16.440859,16.812056
2008-03-21,2008,3,32.94387,16.668125,16.221746
2008-03-29,2008,3,33.10699,16.886507,15.895137
2008-04-06,2008,4,35.697598,18.58093,16.529787
2008-04-14,2008,4,38.123783,19.790058,18.439837
2008-04-22,2008,4,39.37462,20.815855,18.672886
2008-04-30,2008,4,37.969757,21.013573,17.079556
2008-05-08,2008,5,36.7514,21.19233,15.468016
2008-05-16,2008,5,37.190723,21.895563,15.306171
2008-05-24,2008,5,36.951015,21.507362,15.422241
2008-06-01,2008,6,37.23618,22.037766,15.012988
2008-06-09,2008,6,31.35243,17.558008,13.75283
2008-06-17,2008,6,29.200548,18.028746,11.54551
2008-06-25,2008,6,30.234873,18.55032,13.308208
2008-07-03,2008,7,30.827444,18.492508,13.341962
2008-07-11,2008,7,30.868736,17.714056,13.21641
2008-07-19,2008,7,31.834717,16.91554,13.772643
2008-07-27,2008,7,29.631895,19.593649,12.98598
2008-08-04,2008,8,27.293373,15.598796,13.208714
2008-08-12,2008,8,25.472197,14.701975,10.871043
2008-08-20,2008,8,30.536312,19.680058,11.557658
2008-08-28,2008,8,30.534399,20.20644,10.256894
2008-09-05,2008,9,29.777445,18.877138,10.485804
2008-09-13,2008,9,29.30547,19.35669,10.238866
2008-09-21,2008,9,28.677576,19.435633,9.344168
2008-09-29,2008,9,30.705086,20.328533,10.440131
2008-10-07,2008,10,30.887844,19.278482,11.515201
2008-10-15,2008,10,30.19869,17.684715,12.875633
2008-10-23,2008,10,29.870193,15.750814,14.130838
2008-10-31,2008,10,30.08218,15.569987,14.501794
2008-11-08,2008,11,28.721674,15.032563,13.528595
2008-11-16,2008,11,26.047466,13.568134,12.391636
2008-11-24,2008,11,26.044182,11.620311,14.506095
2008-12-02,2008,12,26.017145,13.084758,12.891797
2008-12-10,2008,12,24.820509,12.325611,12.344443
2008-12-18,2008,12,24.236729,10.605882,13.518511
2008-12-26,2008,12,23.960564,9.815123,13.938923
2009-01-01,2009,1,22.374054,9.788747,12.343243
2009-01-09,2009,1,23.170757,11.163737,11.756746
2009-01-17,2009,1,24.069498,11.137279,12.706387
2009-01-25,2009,1,26.215124,11.860407,14.18297
2009-02-02,2009,2,26.94695,12.5126,14.239224
2009-02-10,2009,2,27.49062,12.580858,14.431685
2009-02-18,2009,2,29.726002,13.706597,15.419942
2009-02-26,2009,2,32.008385,14.890851,16.831497
2009-03-06,2009,3,31.978876,15.090126,16.761095
2009-03-14,2009,3,33.27045,16.207542,17.099924
2009-03-22,2009,3,34.352924,16.782213,17.359913
2009-03-30,2009,3,36.7895,18.486835,18.330894
2009-04-07,2009,4,38.17868,18.691704,19.470856
2009-04-15,2009,4,38.794727,20.228516,18.826807
2009-04-23,2009,4,39.473904,20.234583,19.086624
2009-05-01,2009,5,38.762386,21.388256,17.30648
2009-05-09,2009,5,38.65943,22.152348,16.496637
2009-05-17,2009,5,37.8797,22.146166,15.729357
2009-05-25,2009,5,36.932606,21.688478,15.278576
2009-06-02,2009,6,37.10869,22.37067,14.808643
2009-06-10,2009,6,37.26887,21.9675,15.006709
2009-06-18,2009,6,38.776203,22.125021,16.250072
2009-06-26,2009,6,35.964302,18.902409,15.999493
2009-07-04,2009,7,34.83367,19.960188,15.0681
2009-07-12,2009,7,29.294838,20.436296,12.170011
2009-07-20,2009,7,29.890785,19.732523,12.221499
2009-07-28,2009,7,30.328135,19.848577,11.160441
2009-08-05,2009,8,32.088062,19.683289,12.516135
2009-08-13,2009,8,29.26327,18.858208,11.769421
2009-08-21,2009,8,29.622194,18.89739,10.948482
2009-08-29,2009,8,28.586452,18.433605,10.479739
2009-09-06,2009,9,30.197744,20.62813,9.602823
2009-09-14,2009,9,30.795685,20.731655,10.082096
2009-09-22,2009,9,31.600737,21.01882,10.822513
2009-09-30,2009,9,30.908997,19.968279,11.275322
2009-10-08,2009,10,30.270412,18.547153,11.615062
2009-10-16,2009,10,30.600382,16.220367,14.21673
2009-10-24,2009,10,30.191265,14.809289,15.457621
2009-11-01,2009,11,29.321125,15.63377,13.700445
2009-11-09,2009,11,26.149965,14.512301,11.872751
2009-11-17,2009,11,24.049225,11.704349,12.5009775
2009-11-25,2009,11,24.954327,11.502873,13.330742
2009-12-03,2009,12,24.38087,11.846036,12.341149
2009-12-11,2009,12,23.664652,11.783649,11.564539
2009-12-19,2009,12,22.17006,9.8250265,12.309958
2009-12-27,2009,12,21.95497,8.9105835,12.335432
2010-01-01,2010,1,21.978546,9.460193,12.421598
2010-01-09,2010,1,21.700243,9.854944,11.638858
2010-01-17,2010,1,23.805033,9.598534,13.655307
2010-01-25,2010,1,24.326784,10.686808,13.427017
2010-02-02,2010,2,24.982456,10.978188,13.65408
2010-02-10,2010,2,26.41359,12.273588,13.263252
2010-02-18,2010,2,28.13307,13.302465,14.606039
2010-02-26,2010,2,31.752935,15.337529,15.712457
2010-03-06,2010,3,32.39625,16.095308,16.285461
2010-03-14,2010,3,35.030014,18.00693,17.02174
2010-03-22,2010,3,36.877308,19.308788,17.203936
2010-03-30,2010,3,37.12757,18.848608,18.050356
2010-04-07,2010,4,38.839886,20.596548,18.3061
2010-04-15,2010,4,39.12374,21.6307,17.62125
2010-04-23,2010,4,39.02148,21.116102,18.08788
2010-05-01,2010,5,37.601013,21.363028,16.302942
2010-05-09,2010,5,39.956043,22.487692,17.253138
2010-05-17,2010,5,38.86746,22.073845,17.376007
2010-05-25,2010,5,37.756927,22.728052,14.946804
2010-06-02,2010,6,37.204006,21.691769,15.2243395
2010-06-10,2010,6,38.741074,21.28307,16.575481
2010-06-18,2010,6,36.516697,20.642668,15.982478
2010-06-26,2010,6,33.652546,20.252914,12.755355
2010-07-04,2010,7,31.725153,20.497953,12.598391
2010-07-12,2010,7,31.6712,18.4877,14.031112
2010-07-20,2010,7,27.974499,15.411785,13.688088
2010-07-28,2010,7,24.65546,17.606316,12.176261
2010-08-05,2010,8,29.406013,20.31603,10.085821
2010-08-13,2010,8,24.516031,10.111941,10.6894045
2010-08-21,2010,8,27.843845,16.374172,11.519289
2010-08-29,2010,8,28.772602,17.741133,11.848926
2010-09-06,2010,9,27.807516,17.4267,10.955528
2010-09-14,2010,9,27.039736,18.147703,9.279582
2010-09-22,2010,9,29.292252,19.55619,9.538272
2010-09-30,2010,9,30.048336,19.387978,10.794792
2010-10-08,2010,10,30.225948,18.428814,11.721788
2010-10-16,2010,10,29.534603,18.662148,11.229897
2010-10-24,2010,10,28.000006,16.047102,11.876882
2010-11-01,2010,11,27.439528,15.314709,12.404209
2010-11-09,2010,11,26.81196,16.400827,10.405795
2010-11-17,2010,11,25.419516,14.084545,11.198109
2010-11-25,2010,11,24.728474,13.080108,11.580409
2010-12-03,2010,12,23.283781,11.483172,11.818359
2010-12-11,2010,12,22.744022,9.771999,12.961802
2010-12-19,2010,12,22.307774,8.725849,13.499201
2010-12-27,2010,12,22.73192,9.825487,12.037676
2011-01-01,2011,1,20.562534,7.566815,12.418159
2011-01-09,2011,1,21.633389,7.9415855,13.455279
2011-01-17,2011,1,22.432573,9.003307,13.210122
2011-01-25,2011,1,23.242104,10.515717,12.56786
2011-02-02,2011,2,26.143679,11.644369,14.159354
2011-02-10,2011,2,26.23708,12.03551,13.621899
2011-02-18,2011,2,25.879374,12.283424,13.376307
2011-02-26,2011,2,29.255693,13.549035,14.173255
2011-03-06,2011,3,31.320147,14.711141,16.525833
2011-03-14,2011,3,33.432014,16.352947,16.972494
2011-03-22,2011,3,34.644936,17.0059,17.621935
2011-03-30,2011,3,34.669395,16.620699,17.538744
2011-04-07,2011,4,35.33853,18.401302,16.906134
2011-04-15,2011,4,36.2122,18.841972,17.377802
2011-04-23,2011,4,37.13436,20.283302,17.056627
2011-05-01,2011,5,37.05615,21.49333,15.644793
2011-05-09,2011,5,38.729656,22.19485,16.399673
2011-05-17,2011,5,36.944828,22.63681,14.436319
2011-05-25,2011,5,37.37855,22.665863,14.775877
2011-06-02,2011,6,37.091675,21.648752,14.81331
2011-06-10,2011,6,35.5768,21.487135,13.944218
2011-06-18,2011,6,32.05798,19.953188,12.769212
2011-06-26,2011,6,30.977215,18.059654,12.8870535
2011-07-04,2011,7,31.53548,20.1135,12.047656
2011-07-12,2011,7,30.728115,14.826065,14.071273
2011-07-20,2011,7,29.364313,18.686247,12.473144
2011-07-28,2011,7,30.433886,16.712725,13.497088
2011-08-05,2011,8,28.558426,14.098545,14.895575
2011-08-13,2011,8,27.433517,18.457682,9.819861
2011-08-21,2011,8,28.147522,20.090422,8.907776
2011-08-29,2011,8,28.099897,19.328115,8.274717
2011-09-06,2011,9,27.257631,19.727991,9.008717
2011-09-14,2011,9,27.79996,18.081108,9.316421
2011-09-22,2011,9,29.475529,20.100752,9.337705
2011-09-30,2011,9,30.67814,19.787878,10.839004
2011-10-08,2011,10,30.823906,19.201153,11.569198
2011-10-16,2011,10,30.497952,17.279785,13.161837
2011-10-24,2011,10,28.62973,15.443359,13.3190975
2011-11-01,2011,11,28.557304,15.031976,13.473297
2011-11-09,2011,11,28.431105,15.05041,13.289571
2011-11-17,2011,11,27.743639,14.02316,13.649102
2011-11-25,2011,11,25.837164,13.264323,13.0652
2011-12-03,2011,12,26.246075,13.398464,12.867416
2011-12-11,2011,12,23.312782,9.812749,13.437148
2011-12-19,2011,12,22.459377,8.514959,13.840263
2011-12-27,2011,12,22.367357,9.201231,12.868955
2012-01-01,2012,1,22.928408,10.987605,11.676453
2012-01-09,2012,1,20.68672,7.7342205,12.6027975
2012-01-17,2012,1,21.712782,8.578729,12.750665
2012-01-25,2012,1,22.565596,9.695314,12.649351
2012-02-02,2012,2,23.571129,9.783219,13.481141
2012-02-10,2012,2,24.917711,10.886657,13.459967
2012-02-18,2012,2,29.07127,12.255881,15.482796
2012-02-26,2012,2,29.345757,12.928747,16.246529
2012-03-05,2012,3,29.6954,13.055253,16.08271
2012-03-13,2012,3,32.378513,15.30355,16.846514
2012-03-21,2012,3,34.083946,16.18718,17.791447
2012-03-29,2012,3,35.752876,19.01263,16.795904
2012-04-06,2012,4,36.749638,19.245586,17.084414
2012-04-14,2012,4,36.944077,19.81716,17.362955
2012-04-22,2012,4,38.353786,19.875105,18.048279
2012-04-30,2012,4,37.28241,20.090067,17.224787
2012-05-08,2012,5,37.55013,21.42688,15.905308
2012-05-16,2012,5,38.326344,22.007637,16.290236
2012-05-24,2012,5,38.985138,22.587824,16.561365
2012-06-01,2012,6,38.201286,22.609379,15.502505
2012-06-09,2012,6,38.395687,21.532812,15.790183
2012-06-17,2012,6,35.64805,21.433186,14.108925
2012-06-25,2012,6,35.069637,21.131979,13.922298
2012-07-03,2012,7,34.990314,18.735273,15.597035
2012-07-11,2012,7,31.791065,19.35832,12.676106
2012-07-19,2012,7,30.761196,18.448605,13.179413
2012-07-27,2012,7,30.010462,15.9207735,14.813176
2012-08-04,2012,8,29.571285,16.925331,13.893565
2012-08-12,2012,8,28.368505,18.089348,12.0035925
2012-08-20,2012,8,29.16118,16.226536,12.960805
2012-08-28,2012,8,28.175222,19.350748,9.608367
2012-09-05,2012,9,27.663023,19.352795,8.480436
2012-09-13,2012,9,28.188522,18.274538,10.19391
2012-09-21,2012,9,29.882124,19.521343,10.133658
2012-09-29,2012,9,30.694334,18.959656,11.746583
2012-10-07,2012,10,30.491089,17.971983,12.482021
2012-10-15,2012,10,29.505892,16.80031,12.385453
2012-10-23,2012,10,28.836054,15.560494,13.354641
2012-10-31,2012,10,27.815582,14.852967,13.031993
2012-11-08,2012,11,27.312796,13.546886,13.732126
2012-11-16,2012,11,26.549416,12.5456,13.883465
2012-11-24,2012,11,25.472733,11.840672,13.550778
2012-12-02,2012,12,24.985336,11.893217,13.01631
2012-12-10,2012,12,24.764547,12.270269,11.838194
2012-12-18,2012,12,22.711739,9.464644,13.265341
2012-12-26,2012,12,21.701698,8.830496,13.047135
2013-01-01,2013,1,22.05904,8.880038,12.55966
2013-01-09,2013,1,23.195692,9.750511,13.231078
2013-01-17,2013,1,22.267149,9.525298,12.366249
2013-01-25,2013,1,23.04814,9.852544,13.049371
2013-02-02,2013,2,24.089521,11.569364,12.379168
2013-02-10,2013,2,25.73177,12.5395155,12.8539295
2013-02-18,2013,2,26.793259,13.071717,13.308708
2013-02-26,2013,2,30.344698,13.799974,16.480616
2013-03-06,2013,3,32.15504,15.928244,16.186848
2013-03-14,2013,3,32.49328,16.401852,15.87672
2013-03-22,2013,3,33.628075,17.607357,16.074667
2013-03-30,2013,3,36.28315,18.174614,17.958153
2013-04-07,2013,4,37.60723,19.775303,17.616665
2013-04-15,2013,4,37.76537,19.414742,18.242437
2013-04-23,2013,4,38.40498,21.126354,17.156612
2013-05-01,2013,5,39.801075,21.611551,18.338232
2013-05-09,2013,5,39.142387,21.39797,17.9915
2013-05-17,2013,5,39.69298,23.31429,16.436607
2013-05-25,2013,5,38.087784,22.06976,16.159594
2013-06-02,2013,6,38.001884,22.622505,14.585614
2013-06-10,2013,6,33.277233,19.65527,13.35079
2013-06-18,2013,6,33.044838,20.446035,12.414892
2013-06-26,2013,6,31.311176,17.433842,13.623173
2013-07-04,2013,7,30.258236,18.251507,13.9591255
2013-07-12,2013,7,30.24675,18.702261,14.10296
2013-07-20,2013,7,29.177572,17.326492,13.039358
2013-07-28,2013,7,29.97033,20.124508,12.789511
2013-08-05,2013,8,27.872366,12.884309,14.078003
2013-08-13,2013,8,25.883404,14.654676,11.311991
2013-08-21,2013,8,28.979744,20.068426,9.386996
2013-08-29,2013,8,29.397232,19.380583,9.22666
2013-09-06,2013,9,29.804998,20.367373,9.529742
2013-09-14,2013,9,30.401505,19.505035,10.868583
2013-09-22,2013,9,29.243813,20.185154,9.25583
2013-09-30,2013,9,29.098902,19.082062,10.541916
2013-10-08,2013,10,29.200708,19.716185,9.5504875
2013-10-16,2013,10,29.35838,17.991125,11.267082
2013-10-24,2013,10,28.45233,16.788425,11.736458
2013-11-01,2013,11,27.062334,15.054212,11.855648
2013-11-09,2013,11,25.66482,12.740094,12.934996
2013-11-17,2013,11,26.229897,12.637134,13.520512
2013-11-25,2013,11,25.89435,13.194121,12.682936
2013-12-03,2013,12,24.563034,11.008592,13.274389
2013-12-11,2013,12,23.706812,10.23276,13.431572
2013-12-19,2013,12,21.82646,9.911203,11.920001
2013-12-27,2013,12,21.84158,9.541149,12.133776
2014-01-01,2014,1,21.548723,9.78555,11.624399
2014-01-09,2014,1,21.556376,10.021792,11.337117
2014-01-17,2014,1,21.900455,11.114872,10.574746
2014-01-25,2014,1,22.984478,10.660304,12.172743
2014-02-02,2014,2,25.402042,11.488882,13.397032
2014-02-10,2014,2,24.485703,10.103072,14.023222
2014-02-18,2014,2,25.629213,12.136147,13.406554
2014-02-26,2014,2,26.80011,12.441522,13.333348
2014-03-06,2014,3,27.690475,13.984082,13.527612
2014-03-14,2014,3,32.195217,16.080156,16.073832
2014-03-22,2014,3,33.651665,17.64075,15.516466
2014-03-30,2014,3,35.57291,18.276533,17.342897
2014-04-07,2014,4,36.255894,18.343132,17.841688
2014-04-15,2014,4,37.045235,19.37006,17.33263
2014-04-23,2014,4,39.504032,21.146812,18.445465
2014-05-01,2014,5,38.868546,21.194977,17.578402
2014-05-09,2014,5,37.670013,20.95967,16.414797
2014-05-17,2014,5,38.503265,22.013542,16.494732
2014-05-25,2014,5,37.139538,22.57159,14.649407
2014-06-02,2014,6,38.44158,23.295557,15.265868
2014-06-10,2014,6,37.480938,23.096245,14.4766
2014-06-18,2014,6,33.755733,20.842802,12.853535
2014-06-26,2014,6,34.83749,21.130774,13.319139
2014-07-04,2014,7,34.007626,20.62199,12.666702
2014-07-12,2014,7,33.462532,17.52342,15.487959
2014-07-20,2014,7,30.34985,18.336641,13.241326
2014-07-28,2014,7,28.051382,17.362005,12.995304
2014-08-05,2014,8,30.394444,17.664074,13.347503
2014-08-13,2014,8,30.864767,19.51369,11.289759
2014-08-21,2014,8,32.125137,19.716757,12.252634
2014-08-29,2014,8,28.727192,17.925112,10.606359
2014-09-06,2014,9,27.88397,18.94749,9.6332245
2014-09-14,2014,9,29.170801,20.266323,8.964041
2014-09-22,2014,9,30.491976,20.466705,10.071857
2014-09-30,2014,9,31.290096,20.702787,10.640541
2014-10-08,2014,10,30.482489,18.78498,11.4980135
2014-10-16,2014,10,29.721882,17.77745,12.074054
2014-10-24,2014,10,28.748621,16.107992,12.515182
2014-11-01,2014,11,28.379787,15.313304,12.985767
2014-11-09,2014,11,27.403227,14.048372,13.101878
2014-11-17,2014,11,26.614292,12.705237,13.874499
2014-11-25,2014,11,26.245874,11.78356,14.36492
2014-12-03,2014,12,25.540205,10.932176,14.518849
2014-12-11,2014,12,21.581661,9.491498,12.096293
2014-12-19,2014,12,21.509594,8.342611,12.886195
2014-12-27,2014,12,21.7615,8.341239,13.148679
2015-01-01,2015,1,21.934233,10.493475,11.391033
2015-01-09,2015,1,22.109879,8.80382,13.185367
2015-01-17,2015,1,21.793865,9.522979,12.205521
2015-01-25,2015,1,23.02762,10.063586,12.343278
2015-02-02,2015,2,24.244213,11.412604,12.6839285
2015-02-10,2015,2,26.300697,12.728706,13.472451
2015-02-18,2015,2,29.986694,15.047862,14.066988
2015-02-26,2015,2,28.249857,12.938549,14.2829275
2015-03-06,2015,3,28.90085,14.225649,14.438087
2015-03-14,2015,3,31.226748,15.954916,15.168689
2015-03-22,2015,3,34.66059,18.596138,16.082466
2015-03-30,2015,3,34.079655,18.032001,15.838935
2015-04-07,2015,4,34.317554,18.49865,15.736997
2015-04-15,2015,4,35.23641,19.937067,15.4479065
2015-04-23,2015,4,35.72936,20.115896,15.703283
2015-05-01,2015,5,37.291866,20.578665,16.758398
2015-05-09,2015,5,37.909718,21.517122,16.399641
2015-05-17,2015,5,38.096375,22.834465,15.243749
2015-05-25,2015,5,38.32459,22.483753,15.561237
2015-06-02,2015,6,38.091915,22.067295,16.113539
2015-06-10,2015,6,36.368168,20.720959,14.370777
2015-06-18,2015,6,34.680286,20.696888,13.888913
2015-06-26,2015,6,32.11079,20.43824,11.820603
2015-07-04,2015,7,31.495821,20.249634,12.009252
2015-07-12,2015,7,32.29308,21.187134,11.878502
2015-07-20,2015,7,29.411026,18.741663,10.336721
2015-07-28,2015,7,29.965742,19.1317,11.425197
2015-08-05,2015,8,28.805851,16.961823,11.341738
2015-08-13,2015,8,29.774853,19.976202,11.100927
2015-08-21,2015,8,29.0513,19.518526,9.8468895
2015-08-29,2015,8,30.979548,20.00357,10.317004
2015-09-06,2015,9,31.484444,20.255148,11.016814
2015-09-14,2015,9,31.332268,20.27131,11.523142
2015-09-22,2015,9,29.966137,19.750942,9.893617
2015-09-30,2015,9,31.657347,19.631134,12.1791
2015-10-08,2015,10,31.830578,19.509531,12.386653
2015-10-16,2015,10,31.479101,18.930126,12.488244
2015-10-24,2015,10,29.287346,16.707163,12.5275545
2015-11-01,2015,11,28.626055,16.095898,12.366644
2015-11-09,2015,11,27.77691,14.601977,13.02495
2015-11-17,2015,11,27.065622,13.707715,13.665299
2015-11-25,2015,11,26.016275,13.796492,12.210878
2015-12-03,2015,12,25.445154,12.452978,13.095733
2015-12-11,2015,12,23.031034,10.577773,12.508683
2015-12-19,2015,12,21.957188,9.012234,12.827061
2015-12-27,2015,12,23.89595,10.410414,13.425154
2016-01-01,2016,1,23.961775,10.898168,12.978604
2016-01-09,2016,1,23.061615,10.313379,12.6977215
2016-01-17,2016,1,22.414215,9.03663,13.27105
2016-01-25,2016,1,25.002886,11.33031,13.383186
2016-02-02,2016,2,25.664278,11.58367,14.083405
2016-02-10,2016,2,26.701975,13.055002,13.377227
2016-02-26,2016,2,30.203749,15.973084,14.238269
2016-03-05,2016,3,31.908577,16.728773,15.057787
2016-03-13,2016,3,32.80005,16.733425,15.330866
2016-03-21,2016,3,34.85222,17.307793,17.523987
2016-03-29,2016,3,36.105907,19.386053,16.984226
2016-04-06,2016,4,38.61355,20.324545,18.0821
2016-04-14,2016,4,39.182873,21.638273,17.957125
2016-04-22,2016,4,40.441284,21.003613,19.410694
2016-04-30,2016,4,39.818134,21.741669,18.141945
2016-05-08,2016,5,38.97863,22.613142,16.61149
2016-05-16,2016,5,38.91466,23.448053,15.713332
2016-05-24,2016,5,36.302834,22.374796,13.814191
2016-06-01,2016,6,38.083607,23.402977,14.761054
2016-06-09,2016,6,35.898945,21.866127,13.839501
2016-06-17,2016,6,34.604244,20.926676,13.309348
2016-06-25,2016,6,34.11622,20.806683,13.086393
2016-07-03,2016,7,29.732931,17.5495,12.90594
2016-07-11,2016,7,30.189959,16.812841,14.803897
2016-07-19,2016,7,31.282001,18.218077,13.24374
2016-07-27,2016,7,27.885221,15.943855,11.790445
2016-08-04,2016,8,28.095572,18.138311,12.038492
2016-08-12,2016,8,28.653595,19.546932,9.96036
2016-08-20,2016,8,29.653736,20.471256,9.25595
2016-08-28,2016,8,28.314423,19.133915,8.721411
2016-09-05,2016,9,29.594704,19.424011,10.318963
2016-09-13,2016,9,30.287037,19.436167,10.941139
2016-09-21,2016,9,29.772469,19.211815,10.90212
2016-09-29,2016,9,30.02131,20.567575,9.701277
2016-10-07,2016,10,29.808548,18.816896,11.023854
2016-10-15,2016,10,30.65611,17.739307,12.955866
2016-10-23,2016,10,29.606623,16.720613,12.950702
2016-10-31,2016,10,28.945656,15.544643,13.375253
2016-11-08,2016,11,28.117361,13.946379,14.216055
2016-11-16,2016,11,27.66561,12.86985,14.768324
2016-11-24,2016,11,27.154331,12.369691,14.633453
2016-12-02,2016,12,25.609732,12.625133,13.001497
2016-12-10,2016,12,24.614397,11.638705,13.143396
2016-12-18,2016,12,24.504953,10.703252,13.784844
2016-12-26,2016,12,23.81966,11.018341,12.7478895
2017-01-01,2017,1,23.597729,10.608656,12.631829
2017-01-09,2017,1,21.007084,8.269675,12.3300705
2017-01-17,2017,1,23.349249,10.825029,12.212931
2017-01-25,2017,1,24.88207,11.676527,12.503718
2017-02-02,2017,2,25.56659,11.465215,13.708639
2017-02-10,2017,2,26.162394,12.676265,13.464762
2017-02-18,2017,2,29.219177,13.3484125,15.764864
2017-02-26,2017,2,30.003094,13.733852,16.146954
2017-03-06,2017,3,30.189758,12.889705,16.585463
2017-03-14,2017,3,31.102762,14.840321,16.145435
2017-03-22,2017,3,35.894157,19.061409,16.759113
2017-03-30,2017,3,36.83631,20.156803,16.649046
2017-04-07,2017,4,37.412,18.518332,18.951979
2017-04-15,2017,4,37.936813,21.587711,16.415646
2017-04-23,2017,4,38.913902,20.487297,18.17726
2017-05-01,2017,5,38.423958,21.542778,16.959587
2017-05-09,2017,5,38.793594,22.923143,16.017815
2017-05-17,2017,5,38.587185,22.586847,15.922212
2017-05-25,2017,5,37.707016,22.626932,15.133226
2017-06-02,2017,6,37.387062,23.286858,13.687438
2017-06-10,2017,6,35.481342,21.234566,13.876728
2017-06-18,2017,6,33.85392,20.731361,12.651148
2017-06-26,2017,6,32.49782,17.8778,12.684865
2017-07-04,2017,7,31.675415,19.37416,12.278892
2017-07-12,2017,7,29.974903,18.383131,10.62693
2017-07-20,2017,7,29.120157,17.625832,12.022534
2017-07-28,2017,7,28.073353,18.762505,11.422402
2017-08-05,2017,8,27.213404,17.467287,11.59303
2017-08-13,2017,8,29.378105,19.115644,11.256622
2017-08-21,2017,8,29.321009,19.167925,10.828272
2017-08-29,2017,8,28.61051,20.262026,8.293188
2017-09-06,2017,9,29.621475,20.224476,9.474427
2017-09-14,2017,9,30.263254,19.596474,10.866785
2017-09-22,2017,9,30.43491,20.147505,10.214044
2017-09-30,2017,9,31.490437,19.625734,12.142416
2017-10-08,2017,10,30.609701,18.946697,11.942209
2017-10-16,2017,10,30.496317,18.290579,12.272963
2017-10-24,2017,10,29.221382,16.429085,12.813461
2017-11-01,2017,11,28.726381,15.938148,12.826864
2017-11-09,2017,11,27.348494,14.608595,12.6176815
2017-11-17,2017,11,25.820164,13.341582,12.412072
2017-11-25,2017,11,25.368795,11.320515,14.042187
2017-12-03,2017,12,24.482567,12.083364,12.390544
2017-12-11,2017,12,23.49919,11.7372,11.539801
2017-12-19,2017,12,23.09057,10.154478,12.868318
2017-12-27,2017,12,23.04743,9.70445,13.144462
2018-01-01,2018,1,21.639124,8.622553,12.835229
2018-01-09,2018,1,23.324934,10.200844,12.982311
2018-01-17,2018,1,24.006771,10.573777,13.382397
2018-01-25,2018,1,24.639809,10.151409,14.221753
2018-02-02,2018,2,25.495483,10.667397,14.593527
2018-02-10,2018,2,25.654215,12.314504,13.268653
2018-02-18,2018,2,28.431934,14.1448965,14.395305
2018-02-26,2018,2,31.367004,15.50034,15.47092
2018-03-06,2018,3,31.92131,15.817658,16.101389
2018-03-14,2018,3,32.75565,16.366806,16.379925
2018-03-22,2018,3,35.382904,17.564133,17.843899
2018-03-30,2018,3,35.67845,19.034035,16.704334
2018-04-07,2018,4,35.586853,19.205761,16.311989
2018-04-15,2018,4,36.925663,19.867445,17.153172
2018-04-23,2018,4,38.23156,20.711563,17.498932
2018-05-01,2018,5,37.70115,21.567009,16.154278
2018-05-09,2018,5,37.11019,21.204906,16.046003
2018-05-17,2018,5,36.680473,21.596926,15.118494
2018-05-25,2018,5,38.694214,22.62529,16.022572
2018-06-02,2018,6,36.2088,22.230139,14.156767
2018-06-10,2018,6,34.619286,21.706825,12.745742
2018-06-18,2018,6,36.703552,21.869762,14.024699
2018-06-26,2018,6,31.879972,18.601135,14.017693
2018-07-04,2018,7,32.319366,19.7004,13.192925
2018-07-12,2018,7,28.554241,17.606754,13.033121
2018-07-20,2018,7,25.765812,11.596089,13.932053
2018-07-28,2018,7,28.60046,17.89304,11.294314
2018-08-05,2018,8,28.059618,17.172394,12.830237
2018-08-13,2018,8,26.697521,18.94232,10.786637
2018-08-21,2018,8,28.392902,16.575571,12.84814
2018-08-29,2018,8,29.535425,17.298141,12.676053
2018-09-06,2018,9,29.629517,20.123926,9.757988
2018-09-14,2018,9,30.315832,20.039572,9.8070965
2018-09-22,2018,9,30.303062,20.043686,10.042082
2018-09-30,2018,9,30.98355,19.540092,11.349177
2018-10-08,2018,10,30.45197,17.698637,12.502118
2018-10-16,2018,10,30.100447,16.965948,13.105578
2018-10-24,2018,10,29.960476,16.076775,13.855498
2018-11-01,2018,11,28.313423,15.090413,13.142494
2018-11-09,2018,11,28.149662,13.982854,13.986664
2018-11-17,2018,11,26.825397,13.518979,13.335023
2018-11-25,2018,11,25.957697,12.427011,13.499903
2018-12-03,2018,12,24.147465,11.64198,12.517164
2018-12-11,2018,12,22.7636,10.385312,12.480386
2018-12-19,2018,12,22.562504,9.533785,12.971586
2018-12-27,2018,12,21.55755,7.6679435,13.806409
2019-01-01,2019,1,22.254055,8.722933,13.364577
2019-01-09,2019,1,21.974384,9.1515875,12.627869
2019-01-17,2019,1,23.57675,9.980694,13.139417
2019-01-25,2019,1,21.831507,8.658532,12.772477
2019-02-02,2019,2,23.844107,10.671575,12.821333
2019-02-10,2019,2,25.272314,11.805181,13.107948
2019-02-18,2019,2,28.664326,13.468676,14.155835
2019-02-26,2019,2,27.255487,12.638301,14.287292
2019-03-06,2019,3,29.986233,14.41031,15.621808
2019-03-14,2019,3,31.800888,15.757142,15.992237
2019-03-22,2019,3,34.246853,17.45356,16.788084
2019-03-30,2019,3,36.538517,19.33039,17.349077
2019-04-07,2019,4,37.173454,20.689787,16.480074
2019-04-15,2019,4,38.10726,20.208164,17.793997
2019-04-23,2019,4,39.35393,21.863394,17.318386
2019-05-01,2019,5,38.97688,20.767519,18.01891
2019-05-09,2019,5,38.696552,21.937572,16.53218
2019-05-17,2019,5,39.63977,22.862782,16.621002
2019-05-25,2019,5,39.97397,23.587309,16.460945
2019-06-02,2019,6,39.151745,23.230442,15.844385
2019-06-10,2019,6,38.485657,23.052164,15.211614
2019-06-18,2019,6,35.920425,21.62611,13.939731
2019-06-26,2019,6,33.751587,20.69952,12.607723
2019-07-04,2019,7,30.042128,18.025608,12.624893
2019-07-12,2019,7,32.554066,21.177565,11.71475
2019-07-20,2019,7,33.14692,20.832113,11.238319
2019-07-28,2019,7,27.473257,16.810968,11.855455
2019-08-05,2019,8,28.18268,18.782537,11.113709
2019-08-13,2019,8,27.313917,18.629898,9.423646
2019-08-21,2019,8,29.530617,20.261858,9.518014
2019-08-29,2019,8,28.773308,18.549278,9.735345
2019-09-06,2019,9,29.755367,17.652943,11.927996
2019-09-14,2019,9,28.800394,19.630266,9.354818
2019-09-22,2019,9,28.789265,17.035158,12.126718
2019-09-30,2019,9,28.18849,19.244,8.395683
2019-10-08,2019,10,28.92576,18.867025,10.122951
2019-10-16,2019,10,28.457893,17.278303,11.398563
2019-10-24,2019,10,27.280327,16.822605,10.762716
2019-11-01,2019,11,27.441692,17.019245,10.1946945
2019-11-09,2019,11,26.341417,15.41837,10.8386
2019-11-17,2019,11,25.475447,14.3160515,11.252828
2019-11-25,2019,11,24.356546,13.548125,10.732265
2019-12-03,2019,12,23.052256,11.473231,11.575879
2019-12-11,2019,12,21.281742,10.917459,10.163995
2019-12-19,2019,12,20.649137,10.177533,10.265877
2019-12-27,2019,12,20.13487,8.198297,11.221113
2020-01-01,2020,1,20.932924,9.938853,10.181015
2020-01-09,2020,1,20.585543,9.363316,10.850273
2020-01-17,2020,1,21.32234,10.0724125,10.892256
2020-01-25,2020,1,22.110023,10.198913,11.684974
2020-02-02,2020,2,22.190369,10.077595,12.123998
2020-02-10,2020,2,25.359816,11.9993725,13.2730665
2020-02-18,2020,2,26.548874,13.263214,13.165992
2020-02-26,2020,2,27.214684,14.482189,12.690799
2020-03-05,2020,3,27.976461,14.517778,13.158806
2020-03-13,2020,3,29.594181,15.395772,14.190368
2020-03-21,2020,3,32.00661,17.239347,14.588016
2020-03-29,2020,3,34.52074,17.796234,16.568953
2020-04-06,2020,4,35.93279,18.8368,17.121809
2020-04-14,2020,4,36.41683,20.041006,16.021187
2020-04-22,2020,4,36.67676,20.392195,16.644321
2020-04-30,2020,4,36.53965,21.272612,15.254044
2020-05-08,2020,5,37.216446,21.837975,15.400229
2020-05-16,2020,5,38.81459,21.905706,16.731102
2020-05-24,2020,5,38.95407,22.900011,16.281628
2020-06-01,2020,6,34.662823,20.412748,13.454912
2020-06-09,2020,6,36.358852,20.837757,13.824291
2020-06-17,2020,6,32.58697,20.801596,12.118063
2020-06-25,2020,6,33.917885,20.761122,12.470568
2020-07-03,2020,7,31.986013,17.683378,13.547045
2020-07-11,2020,7,31.986847,20.654741,12.838218
2020-07-19,2020,7,30.183374,20.52881,11.295823
2020-07-27,2020,7,31.199755,19.37434,12.078961
2020-08-04,2020,8,28.963661,17.548815,12.312387
2020-08-12,2020,8,28.861736,19.713636,12.977081
2020-08-20,2020,8,27.960163,18.745466,11.403973
2020-08-28,2020,8,29.05112,20.6986,8.345155
2020-09-05,2020,9,30.19201,19.866652,10.073718
2020-09-13,2020,9,30.295542,19.644823,10.470581
2020-09-21,2020,9,29.879442,20.044369,9.987721
2020-09-29,2020,9,30.912258,18.67785,12.792423
2020-10-07,2020,10,30.706928,19.03402,11.881953
2020-10-15,2020,10,30.024487,18.599445,11.529005
2020-10-23,2020,10,29.413345,16.704718,12.754124
2020-10-31,2020,10,28.35042,14.846917,13.511304
2020-11-08,2020,11,27.713722,14.89985,12.891428
2020-11-16,2020,11,26.102535,13.215389,12.106093
2020-11-24,2020,11,24.687643,12.257618,12.465593
2020-12-02,2020,12,25.07428,11.994267,13.211689
2020-12-10,2020,12,22.83907,11.407709,11.324373
2020-12-18,2020,12,21.951433,8.990319,12.798705
2020-12-26,2020,12,21.240738,9.144057,11.94258
2021-01-01,2021,1,22.04844,10.745597,10.9167385
2021-01-09,2021,1,22.33371,10.265146,12.025764
2021-01-17,2021,1,23.142723,11.2375765,11.785001
2021-01-25,2021,1,22.680634,9.715919,12.739208
2021-02-02,2021,2,24.455301,10.608199,13.775786
2021-02-10,2021,2,26.102694,12.58071,13.459344
2021-02-18,2021,2,28.2378,13.736158,14.417859
2021-02-26,2021,2,31.180868,14.658704,16.30847
2021-03-06,2021,3,32.005177,16.260664,15.1348295
2021-03-14,2021,3,32.006313,16.683287,15.134688
2021-03-22,2021,3,34.08378,17.521252,16.379814
2021-03-30,2021,3,35.392815,17.910494,17.420555
2021-04-07,2021,4,35.902416,18.573582,17.143087
2021-04-15,2021,4,36.248447,18.9744,16.980341
2021-04-23,2021,4,37.636898,19.903036,17.75366
2021-05-01,2021,5,37.500202,20.74956,16.782345
2021-05-09,2021,5,36.88032,20.63465,15.782174
2021-05-17,2021,5,34.64553,20.645054,13.364503
2021-05-25,2021,5,35.87871,21.580147,14.065711
2021-06-02,2021,6,34.921066,21.850554,12.242135
2021-06-10,2021,6,33.13994,19.625498,13.835509
2021-06-18,2021,6,31.82743,19.797703,12.259386
2021-06-26,2021,6,33.52537,21.060862,12.718494
2021-07-04,2021,7,34.551758,20.957565,13.268654
2021-07-12,2021,7,32.93982,20.65699,13.188836
2021-07-20,2021,7,28.154993,17.591679,12.85242
2021-07-28,2021,7,27.84159,16.605938,12.208899
2021-08-05,2021,8,28.518368,19.45349,9.984249
2021-08-13,2021,8,30.395359,19.111574,11.615135
2021-08-21,2021,8,30.145157,19.657957,11.108326
2021-08-29,2021,8,29.03235,19.156351,10.274971
2021-09-06,2021,9,28.544104,18.771292,10.904916
2021-09-14,2021,9,28.832045,19.869936,9.554657
2021-09-22,2021,9,28.385323,19.047905,9.12059
2021-09-30,2021,9,28.891441,20.79118,8.220433
2021-10-08,2021,10,29.85604,19.448833,10.331906
2021-10-16,2021,10,28.8724,17.689045,11.300381
2021-10-24,2021,10,26.949831,15.474024,11.426619
2021-11-01,2021,11,26.276054,13.915898,12.362281
2021-11-09,2021,11,25.419474,12.745734,12.541513
2021-11-17,2021,11,25.315943,14.200144,11.193454
2021-11-25,2021,11,24.472754,12.770522,11.715544
2021-12-03,2021,12,23.351719,13.091949,10.324044
2021-12-11,2021,12,21.719248,10.416268,11.103038
2021-12-19,2021,12,21.45864,9.644405,11.722739
2021-12-27,2021,12,19.690788,10.305684,9.495134
2022-01-01,2022,1,21.885462,10.753084,10.263971
2022-01-09,2022,1,19.225237,10.064086,9.4760895
2022-01-17,2022,1,21.249344,9.838856,10.675578
2022-01-25,2022,1,21.063837,9.105311,11.751471
2022-02-02,2022,2,22.27554,10.460858,11.674083
2022-02-10,2022,2,23.965899,11.112824,12.715499
2022-02-18,2022,2,25.855297,12.706361,13.00946
2022-02-26,2022,2,27.625755,13.889071,13.567619
2022-03-06,2022,3,30.60653,16.023748,14.568805
2022-03-14,2022,3,33.605106,18.80623,14.778655
2022-03-22,2022,3,34.246666,18.70246,15.703694
2022-03-30,2022,3,36.49224,19.915287,16.377403
2022-04-07,2022,4,36.504646,20.402103,16.166298
2022-04-15,2022,4,36.38197,20.851418,15.554107
2022-04-23,2022,4,38.480007,21.819273,16.75143
2022-05-01,2022,5,36.395344,21.705225,14.854774
2022-05-09,2022,5,37.49008,22.484175,15.094678
2022-05-17,2022,5,35.4806,21.765955,13.466756
2022-05-25,2022,5,34.53534,21.849657,12.610665
2022-06-02,2022,6,36.894703,22.545782,14.242641
2022-06-10,2022,6,37.317535,21.935146,14.151077
2022-06-18,2022,6,33.933746,19.422533,14.232364
2022-06-26,2022,6,34.286182,19.897226,14.757938
2022-07-04,2022,7,31.234512,21.01297,10.905889
2022-07-12,2022,7,31.193546,20.550913,10.643874
2022-07-20,2022,7,27.830683,16.389263,14.778891
2022-07-28,2022,7,28.4497,17.048285,11.547111
2022-08-05,2022,8,27.534666,20.421667,8.541237
2022-08-13,2022,8,27.678268,19.916393,8.757507
2022-08-21,2022,8,27.931543,19.480473,8.475515
2022-08-29,2022,8,29.790726,21.022678,8.880454
2022-09-06,2022,9,29.383053,20.3991,9.556301
2022-09-14,2022,9,28.346981,19.654354,9.266115
2022-09-22,2022,9,28.701593,19.571833,8.931525
2022-09-30,2022,9,29.130032,19.076954,10.174383
2022-10-08,2022,10,27.414072,15.117437,12.97129
2022-10-24,2022,10,28.053392,16.238388,11.796477
2022-11-01,2022,11,27.617191,16.13028,11.214557
2022-11-09,2022,11,25.641863,13.965086,11.629986
2022-11-17,2022,11,24.729847,12.279351,12.371986
2022-11-25,2022,11,24.685452,12.739851,11.981512
2022-12-03,2022,12,23.373667,11.857041,11.297912
2022-12-11,2022,12,23.37094,12.419508,10.97546
