year,month,lst_day_mean,lst_night_mean,dtr_mean,lst_day_anom_mean,lst_night_anom_mean,dtr_anom_mean,fire_detections
2000,11,27.8168,12.938381,14.902021,0.86516297,-0.947307,1.8150835,50
2000,12,25.232864,9.434356,15.788616,1.9257566,-1.0507046,2.9769642,175
2001,1,23.968336,9.216766,14.724991,1.408813,-0.5014965,1.9114213,267
2001,2,28.933395,12.073893,16.848839,2.0327046,-0.4299265,2.46304,1269
2001,3,34.562363,16.089388,18.472473,1.2866762,-0.5618919,1.8488901,2747
2001,4,38.20349,19.407595,18.85551,0.8046549,-0.5783193,1.3938711,1196
2001,5,37.803623,21.852856,15.969396,0.12361357,-0.15610674,0.28043547,318
2001,6,35.382042,20.386114,13.522288,-0.39605227,-0.44882196,-0.49863705,20
2001,7,30.283865,19.197489,11.322111,-0.6214111,-0.887548,0.10288397,13
2001,8,29.576248,20.020788,9.857194,-0.17969339,-0.2002658,0.039396726,11
2001,9,31.360634,19.976446,11.289699,1.1621921,-0.3066042,1.4410579,10
2001,10,30.475891,17.75625,12.738034,0.703291,0.35576278,0.34874052,7
2001,11,27.73726,13.938061,13.803955,0.8029236,0.08735322,0.71631634,34
2001,12,24.010786,10.420885,13.589994,0.713656,-0.06447673,0.77814215,115
2002,1,22.997873,9.632866,13.341632,0.44262692,-0.087098174,0.52960354,151
2002,2,27.050367,12.485649,14.556253,0.15384775,-0.017702375,0.1714365,521
2002,3,34.370598,16.372257,17.998133,1.0971128,-0.27830857,1.3755007,1331
2002,4,38.029167,19.800646,18.247257,0.6248877,-0.21323472,0.84166056,877
2002,5,37.392643,22.215673,15.196465,-0.2883944,0.21480104,-0.5037408,728
2002,6,35.720497,21.954363,13.805993,-0.13512613,-0.2814638,0.16715884,48
2002,7,32.64819,20.6989,12.166574,0.6195861,-0.16499296,0.6967365,16
2002,8,30.322998,20.343416,10.427037,0.615543,-0.16183656,0.8042664,14
2002,9,31.231195,19.85525,11.384614,1.0790322,-0.4708871,1.5515281,8
2002,10,30.640493,17.207329,13.385908,0.96519744,0.11917737,0.8592255,69
2002,11,28.148512,13.5002775,14.647766,1.2134347,-0.3511998,1.5647086,173
2002,12,24.733534,10.84588,13.870214,1.4197366,0.36181083,1.0571575,354
2003,1,23.630447,9.821153,13.790083,1.0739989,0.09935102,0.97271234,1361
2003,2,27.11603,12.781278,14.276461,0.17079696,0.2766233,-0.10758996,1527
2003,3,32.52827,16.18036,16.339865,-0.7537151,-0.47048658,-0.28314212,10092
2003,4,38.212715,20.404638,17.833748,0.8109828,0.3864597,0.4292042,6365
2003,5,37.870842,21.146908,16.705822,0.17052752,-0.8553657,1.0248787,1971
2003,6,36.75034,22.639755,14.242643,0.83939713,0.41819972,0.39700833,663
2003,7,31.329748,20.434774,11.350989,-0.11998349,-0.13701296,0.28336373,30
2003,8,29.469442,20.321468,9.433597,-0.28296158,-0.13954909,-0.1407401,4
2003,9,29.698414,19.553333,10.275695,-0.48421392,-0.6001357,0.13733067,14
2003,10,29.94579,17.30546,12.654336,0.16032708,-0.11965723,0.27922043,13
2003,11,27.129877,13.780947,13.358738,0.19376348,-0.07535782,0.26871267,80
2003,12,23.338533,10.551698,12.763871,0.0080648335,0.05669059,-0.049449906,228
2004,1,22.306505,10.003984,12.279995,-0.25531054,0.277955,-0.5336401,623
2004,2,27.822392,12.472552,15.348093,0.9317597,-0.031364955,0.96326387,2963
2004,3,35.16878,17.620401,17.550968,1.8957275,0.9671693,0.92853516,19619
2004,4,37.52348,20.47674,17.073463,0.12977895,0.43782407,-0.3086782,3239
2004,5,37.09864,22.314074,14.855012,-0.6806439,0.2707768,-0.9593785,1375
2004,6,34.250896,21.074297,13.1640005,-1.6208798,-1.1660107,-0.4668739,103
2004,7,31.864246,19.191904,12.781432,0.0032291475,-0.74944854,0.6463353,15
2004,8,29.696442,19.853035,10.145017,-0.1433055,-0.61881274,0.5064829,8
2004,9,30.53509,20.154957,10.440732,0.41877615,-0.09942897,0.54358,16
2004,10,28.60551,15.95167,12.61972,-1.176944,-1.4303355,0.24298553,70
2004,11,27.177038,13.455619,13.721717,0.24136849,-0.3957533,0.63747984,189
2004,12,23.954027,10.4558,13.4927435,0.65208656,-0.028532254,0.6805257,448
2005,1,22.254417,9.663432,12.532524,-0.33338007,-0.05541121,-0.27831635,710
2005,2,27.109592,12.441063,14.575263,0.12563474,-0.06591844,0.18290804,3587
2005,3,33.784874,16.755579,17.03045,0.5108408,0.10302636,0.4076776,7444
2005,4,36.71507,18.537832,18.228703,-0.699681,-1.4982606,0.7991885,7538
2005,5,38.123882,21.244759,16.858128,0.37798026,-0.7654301,1.1405685,1365
2005,6,37.853844,22.70638,15.172109,2.078893,0.42791313,1.6685578,818
2005,7,30.88433,20.648727,10.885024,-0.7168413,-0.06661254,-0.7459556,7
2005,8,30.812916,20.518272,10.3633585,0.9280484,0.09222706,0.8576936,6
2005,9,29.972935,20.170141,9.820187,-0.17798172,-0.16582659,-0.011496973,12
2005,10,29.510603,16.87572,12.679094,-0.24372566,-0.24234657,0.09841978,27
2005,11,26.636864,12.587466,14.05283,-0.3021563,-1.2667794,0.96476626,165
2005,12,23.109072,9.521066,13.584792,-0.18803169,-0.96173006,0.7736712,591
2006,1,23.240883,9.634838,13.573698,0.63683367,-0.11817701,0.7553943,1342
2006,2,29.195677,13.951694,15.253429,2.2965643,1.4300039,0.86736006,4121
2006,3,32.9469,16.284338,16.68536,-0.32586935,-0.38418552,0.058529492,16378
2006,4,36.57161,19.485712,17.104548,-0.8229104,-0.5453483,-0.27760395,3808
2006,5,36.7275,22.113571,14.624854,-0.95042837,0.102396175,-1.0537559,978
2006,6,35.181217,21.913925,13.253386,-0.61925346,-0.3205937,-0.3135091,111
2006,7,30.61907,20.047623,11.477644,-0.54353285,-0.63728625,-0.037098825,35
2006,8,29.495197,20.109436,9.36771,-0.32659397,-0.50709194,0.16571073,18
2006,9,30.154402,20.49813,9.687415,-0.0006940478,0.16439576,-0.15774508,10
2006,10,30.218979,18.090189,12.102408,0.4624495,0.84577656,-0.35743842,57
2006,11,26.672344,14.023659,12.643729,-0.26179108,0.22809929,-0.47928667,69
2006,12,23.256777,10.846981,12.402696,-0.045024127,0.36434668,-0.40946683,314
2007,1,23.144644,9.8487835,13.290153,0.6046093,0.12803242,0.47686663,1235
2007,2,26.334269,12.618756,13.695702,-0.5774448,0.11325227,-0.69074214,1965
2007,3,33.30385,16.571064,16.73137,0.029088896,-0.079984784,0.10899486,16841
2007,4,37.74443,20.567558,17.183449,0.35016343,0.5490589,-0.19879693,5994
2007,5,37.982334,22.118816,15.879283,0.30585957,0.10291832,0.20219348,1331
2007,6,36.817837,22.700085,14.152636,1.0480791,0.47887427,0.51832104,602
2007,7,31.545588,20.443333,11.5477705,-0.2721517,-0.11526126,-0.10060759,23
2007,8,29.461487,20.478243,9.366012,-0.1993382,0.02775156,-0.16411768,13
2007,9,29.495407,19.600126,9.978158,-0.66366875,-0.42296255,-0.2087058,6
2007,10,30.027828,16.31319,13.670725,0.24284069,-0.97702914,1.2348324,122
2007,11,27.624073,13.817329,13.806038,0.688565,-0.035137497,0.72364575,541
2007,12,23.322535,10.277093,13.029628,0.008694538,-0.20749027,0.21614167,335
2008,1,22.150137,8.865843,13.17692,-0.49788302,-0.8612015,0.35509306,889
2008,2,25.904682,11.040184,14.848763,-0.99962884,-1.4638387,0.4644531,1611
2008,3,32.469967,16.435074,16.03735,-0.8066774,-0.21757983,-0.58915186,8113
2008,4,37.397884,19.972872,17.442245,-0.010876692,-0.066043206,0.05455907,9319
2008,5,36.595352,21.559664,14.9992,-1.1632655,-0.44873512,-0.7170983,2681
2008,6,35.485874,21.669083,13.891045,-0.45587295,-0.5620078,0.015021772,66
2008,7,31.377262,20.122847,12.048449,-0.11377246,-0.30629942,0.094265155,14
2008,8,30.048298,20.281052,9.97797,0.12520435,-0.21319157,0.3638065,6
2008,9,29.72255,20.198244,9.538764,-0.43343168,-0.1308246,-0.30192968,10
2008,10,30.231018,17.147047,13.087741,0.44757065,-0.26686472,0.71484554,79
2008,11,26.889189,13.641659,13.240001,-0.056811135,-0.19786,0.14161822,180
2008,12,24.581758,11.470758,13.110095,1.2828033,0.98596746,0.29751688,388
2009,1,23.656023,10.922443,12.704395,1.093575,1.2008919,-0.1085338,1114
2009,2,28.598225,13.3245735,15.191094,1.6315851,0.8205987,0.80851793,6865
2009,3,33.89106,16.595148,17.29483,0.61669254,-0.05583016,0.67254424,21353
2009,4,38.633682,19.73923,18.897644,1.2302547,-0.2813725,1.5122939,7795
2009,5,37.83361,21.938725,15.902365,0.15522069,-0.069149815,0.2246714,1777
2009,6,36.99938,22.45058,14.587822,1.2503785,0.16671912,1.0992577,799
2009,7,32.16936,20.890108,11.784612,0.37777373,-0.0871486,0.45843527,37
2009,8,30.231941,20.00589,10.185638,0.50532264,0.027736042,0.39119175,21
2009,9,30.787024,20.933561,9.862022,0.6296473,0.6075406,0.021290574,19
2009,10,30.248074,16.52361,13.730404,0.46195948,-0.8928007,1.3554283,100
2009,11,26.239407,13.601717,12.640542,-0.6949979,-0.24874088,-0.4460654,86
2009,12,22.873903,10.806569,12.03622,-0.448876,0.32394075,-0.77534014,189
2010,1,22.602362,9.854272,12.741461,0.061140787,0.13345823,-0.072593465,1028
2010,2,27.240097,12.866199,14.288626,0.25888774,0.35633123,-0.099236414,2407
2010,3,34.954056,17.980404,16.97341,1.6815039,1.3303564,0.3511511,20606
2010,4,38.703445,21.065681,17.662855,1.3064582,1.0494921,0.26173657,5817
2010,5,37.93059,22.251413,15.679253,0.22657102,0.24590468,-0.020422483,804
2010,6,36.730797,22.353876,14.358919,0.69499445,0.11283535,0.56214386,105
2010,7,31.219782,20.814548,11.67721,-0.17102966,0.09812873,0.010177047,3
2010,8,28.99758,20.47049,9.305556,-0.7337094,0.105253264,-0.85010904,3
2010,9,29.139872,19.862785,9.17308,-0.9905293,-0.38586012,-0.62498635,4
2010,10,29.319065,18.031837,11.276609,-0.46164617,0.68363297,-1.1374415,17
2010,11,26.19326,15.153451,11.042462,-0.73436666,1.3535082,-2.0912576,29
2010,12,22.608814,10.098165,12.504488,-0.6923641,-0.3822618,-0.30963433,285
2011,1,21.71781,8.829319,12.869877,-0.8338448,-0.8911819,0.05735758,669
2011,2,26.097723,12.212604,13.8123045,-0.8782632,-0.30825466,-0.57474685,1825
2011,3,33.176018,16.136827,17.037142,-0.0994801,-0.5140472,0.41452694,13452
2011,4,36.11043,19.282373,16.836159,-1.2844003,-0.73491514,-0.5505753,4073
2011,5,37.24254,22.216825,15.028212,-0.43823472,0.21231532,-0.6506493,1386
2011,6,34.99962,21.524656,13.319572,-0.89648294,-0.66360486,-0.25483137,116
2011,7,31.228031,20.52646,11.048282,-0.56710434,0.11826451,-0.5890497,4
2011,8,28.852293,20.103455,8.600039,-0.72029555,0.025160931,-0.7060588,2
2011,9,29.528383,20.191133,9.338067,-0.6258642,-0.13328,-0.49340248,8
2011,10,30.052292,17.55402,12.479962,0.2709126,0.20860192,0.05119754,67
2011,11,27.624722,14.408619,13.21884,0.689678,0.553925,0.13543488,234
2011,12,23.55165,10.396442,13.1489935,0.2461849,-0.08942817,0.33576947,677
2012,1,21.48383,9.186455,12.256562,-1.0931727,-0.53522974,-0.5587068,559
2012,2,26.0496,11.275097,14.664054,-0.9622121,-1.2433515,0.2754227,6263
2012,3,32.640667,15.797608,16.865498,-0.6355098,-0.87684697,0.24138342,19549
2012,4,36.832855,19.761446,17.083822,-0.5695727,-0.268616,-0.30090728,3887
2012,5,37.986713,22.07503,15.9594555,0.29483017,0.057148177,0.24200407,3343
2012,6,36.915005,22.522882,14.302262,0.9527318,0.24210294,0.6905282,975
2012,7,32.637974,20.026443,13.142888,0.9454973,0.1625108,0.9009204,23
2012,8,29.52996,20.164482,10.242111,0.05994943,0.073458806,0.18366547,20
2012,9,29.701656,19.893215,9.771169,-0.4589874,-0.3411013,-0.124832354,8
2012,10,29.124645,16.531366,12.545203,-0.6581166,-0.80901664,0.1490099,43
2012,11,26.325535,12.623384,13.69923,-0.6137578,-1.2248448,0.6108896,110
2012,12,23.357197,10.615384,12.734435,0.055211935,0.1324452,-0.078151375,434
2013,1,22.350897,9.495276,12.834602,-0.20421667,-0.22537772,0.020211538,847
2013,2,26.46466,12.718393,13.736017,-0.4338162,0.21524502,-0.6489175,2347
2013,3,33.400078,16.975952,16.422953,0.12372415,0.32486585,-0.2012025,10752
2013,4,37.494343,20.05324,17.408293,0.011257089,0.018065713,-0.018163295,6199
2013,5,38.600452,22.241913,16.392607,0.8773435,0.23898509,0.6379209,1396
2013,6,35.59232,22.114214,12.872428,-0.17265314,0.13093324,-0.44245723,94
2013,7,30.412327,20.745392,11.385711,-0.27371326,0.25333098,-0.39296013,11
2013,8,29.133877,20.079641,9.110643,-0.7178849,-0.23634486,-0.54835296,16
2013,9,29.781635,20.525711,9.279403,-0.38891298,0.23190741,-0.6236711,20
2013,10,29.026657,18.341309,10.69395,-0.75140345,0.9373804,-1.6945788,34
2013,11,26.20305,13.541526,12.654973,-0.7314335,-0.29422656,-0.43872574,136
2013,12,22.829401,10.204899,12.617483,-0.47132844,-0.27712002,-0.19424689,393
2014,1,21.748087,10.39071,11.349434,-0.8049364,0.670641,-1.4732733,815
2014,2,25.009054,11.431382,13.50071,-1.9534041,-1.071957,-0.8832276,1408
2014,3,31.98697,16.448776,15.536425,-1.2909057,-0.20322095,-1.0884278,10722
2014,4,37.381905,19.593637,17.800083,-0.017840384,-0.42536676,0.40762538,8390
2014,5,37.665333,21.716587,15.947885,-0.019777121,-0.28865802,0.26875448,864
2014,6,35.838158,22.597681,13.232564,0.01975891,0.31656185,-0.30890816,853
2014,7,33.20835,20.733734,12.438859,1.3094342,0.38938794,0.66793233,15
2014,8,30.945803,20.292356,10.800417,1.1216456,0.20587617,1.0177405,6
2014,9,30.141842,20.624239,9.528302,-0.00596929,0.30064097,-0.30760014,9
2014,10,29.505684,17.66758,11.860363,-0.24361138,0.38008896,-0.59886706,56
2014,11,27.130117,13.76827,13.35878,0.1951536,-0.06738335,0.26323614,203
2014,12,22.571238,9.560205,12.994101,-0.7256773,-0.89984566,0.17368682,503
2015,1,21.841621,9.659762,12.177435,-0.69625634,-0.060303077,-0.6359609,860
2015,2,26.444092,12.876986,13.548344,-0.4633236,0.3737356,-0.8367925,2094
2015,3,31.979914,16.664032,15.314603,-1.2944769,0.013449583,-1.3080724,12403
2015,4,34.861732,19.552794,15.341553,-2.554174,-0.47395882,-2.0973678,2386
2015,5,37.422546,21.947351,15.452701,-0.32236868,-0.0646259,-0.26127133,1454
2015,6,35.452072,21.887447,13.556681,-0.3735751,-0.3387845,-0.010675611,294
2015,7,31.725445,21.258104,10.729725,-0.17744398,0.25569546,-0.401295,16
2015,8,30.194862,20.550365,9.81207,0.2993904,0.15904057,0.110937454,9
2015,9,31.028698,20.394615,10.63072,0.8776449,0.084072806,0.8014942,26
2015,10,30.845272,18.467798,12.37436,1.0628018,1.0758146,-0.009318062,44
2015,11,27.323833,14.820607,12.501636,0.39082226,1.0087658,-0.6101375,139
2015,12,23.493599,10.673614,12.814503,0.19574428,0.19179979,0.0032001918,533
2016,1,23.388657,10.383577,12.993894,0.84503174,0.66514856,0.17844658,1015
2016,2,27.33588,13.499625,13.844288,0.4433065,0.9919426,-0.54832935,2652
2016,3,33.59035,17.478622,16.1138,0.3148563,0.8247952,-0.50997835,12294
2016,4,39.16385,21.07454,18.124174,1.7462143,1.0460011,0.71032727,9630
2016,5,37.767197,22.798773,14.988287,0.06650963,0.7870686,-0.7211392,1249
2016,6,35.97886,22.870857,13.095582,0.20499036,0.6662704,-0.43748185,213
2016,7,30.382702,19.670664,11.700498,-0.5417447,-0.06875752,-0.43821678,10
2016,8,29.296366,20.688507,8.617927,-0.48081988,0.03900593,-0.57538706,9
2016,9,29.74282,20.650696,9.175079,-0.42509663,0.3957308,-0.8116919,26
2016,10,29.689682,17.289297,12.424242,-0.094281875,-0.14619769,0.050450396,146
2016,11,27.548244,13.084076,14.483627,0.60280335,-0.79675645,1.3971727,532
2016,12,24.565468,11.484077,13.091831,1.2689363,0.9860306,0.27975288,1127
2017,1,22.62502,10.21878,12.356469,0.036060654,0.49506968,-0.46103492,967
2017,2,27.512785,12.758554,14.729001,0.5999461,0.25525266,0.34462497,3977
2017,3,33.017544,16.628956,16.372805,-0.27950308,-0.023257192,-0.2566869,8193
2017,4,37.83698,20.169598,17.676113,0.44137532,0.14939632,0.2924463,11408
2017,5,38.0429,22.435003,15.621055,0.35253596,0.43297315,-0.08252704,1143
2017,6,35.562454,22.70072,12.810799,-0.2324046,0.51301,-0.737811,126
2017,7,31.229578,20.74437,10.964443,-0.34252158,0.20384341,-0.5629199,10
2017,8,29.296545,20.72214,8.560283,-0.4794781,0.17305174,-0.62348324,10
2017,9,30.477634,20.678732,9.78522,0.32934085,0.4780458,-0.11427288,4
2017,10,30.072252,18.086628,11.9961815,0.3010321,0.70337415,-0.3937348,91
2017,11,26.782372,14.0138855,12.778329,-0.15116066,0.15999869,-0.31083688,180
2017,12,23.359539,10.8716345,12.486501,0.06097447,0.38671198,-0.3257994,353
2018,1,23.164495,9.873754,13.281891,0.613501,0.15332916,0.4512086,1158
2018,2,27.389198,13.031233,14.353677,0.49049944,0.5229056,-0.03223942,3169
2018,3,33.90451,17.179674,16.726122,0.6321124,0.5282976,0.10382791,17728
2018,4,36.69025,19.941792,16.756182,-0.71549827,-0.08217151,-0.6339271,3364
2018,5,36.93574,21.704044,15.266056,-0.8588886,-0.309517,-0.5589479,2926
2018,6,35.26381,22.105318,13.17018,-0.58568454,-0.14445402,-0.43440554,130
2018,7,30.754599,19.89849,11.722733,-0.79191625,-0.5112835,-0.24376084,11
2018,8,29.234737,19.700802,10.685101,-0.2694841,-0.21533751,0.089413084,12
2018,9,30.290646,20.179869,10.117786,0.1391604,-0.1496543,0.28868726,20
2018,10,30.037058,16.994509,13.028854,0.25452447,-0.38225505,0.6511512,55
2018,11,27.23693,13.876579,13.358154,0.30051574,0.025609607,0.2745115,98
2018,12,22.742596,9.872387,12.867555,-0.5538875,-0.6092717,0.0549621,357
2019,1,22.047302,9.085349,12.9215,-0.5245793,-0.6351605,0.10892864,1050
2019,2,25.694736,12.056553,13.544222,-1.2826174,-0.44752002,-0.8381926,2225
2019,3,33.017544,16.69519,16.32523,-0.2551799,0.044467416,-0.2994419,9563
2019,4,37.995358,20.906204,17.088547,0.5986142,0.89122874,-0.29239127,4975
2019,5,38.913277,22.2745,16.591032,1.1560154,0.2720454,0.88017285,2489
2019,6,37.059746,23.001253,14.07704,1.3425771,0.72277206,0.624238,558
2019,7,32.610344,21.740839,11.000727,0.6344498,0.5876214,-0.05628992,35
2019,8,29.424643,20.879276,8.720272,-0.21295343,0.61963046,-0.8656038,6
2019,9,28.860064,20.303482,8.509015,-1.311604,0.073374726,-1.3999156,9
2019,10,28.408762,18.211292,10.246995,-1.3391148,0.857216,-2.2080514,32
2019,11,25.738903,15.062396,10.683782,-1.2002952,1.2001444,-2.4008627,39
2019,12,21.344109,10.238383,11.086569,-1.9667664,-0.24304119,-1.7252525,177
2020,1,20.77213,9.845469,10.862658,-1.8190464,0.12494259,-1.9488171,369
2020,2,25.258778,12.4542885,12.801261,-1.632042,-0.048454326,-1.5834906,975
2020,3,30.731651,16.146324,14.578848,-2.5540946,-0.5054899,-2.0506477,8970
2020,4,36.02042,20.109812,15.930487,-1.3740916,0.093282014,-1.475822,4114
2020,5,37.882507,22.20764,15.754257,0.174941,0.2138819,-0.037927434,803
2020,6,34.459465,21.711926,12.50913,-1.4868996,-0.30061576,-1.206731,48
2020,7,31.369898,21.737091,10.486554,-0.36426505,0.80380523,-1.0812141,14
2020,8,29.381771,21.270405,8.199058,-0.2798519,0.6642,-0.962036,13
2020,9,30.1537,20.749151,9.403223,-0.06020622,0.57366323,-0.6079679,12
2020,10,29.559982,17.512497,12.082259,-0.22228704,0.07143552,-0.29630902,248
2020,11,25.901623,13.549636,12.385287,-1.0449188,-0.3197808,-0.73009014,290
2020,12,22.62056,10.439141,12.177301,-0.68588555,-0.04751302,-0.6387428,565
2021,1,22.400105,10.70003,11.685901,-0.1466392,0.98043126,-1.1272492,864
2021,2,27.29484,12.860454,14.43112,0.4006097,0.35509753,0.045950424,3328
2021,3,33.00886,17.045597,15.9575615,-0.27586046,0.38997236,-0.665886,23229
2021,4,36.20705,19.127163,17.090609,-1.1897622,-0.8889119,-0.30066857,9735
2021,5,35.77016,21.123814,14.560063,-2.0619462,-0.8862371,-1.1951686,494
2021,6,33.61238,21.653576,11.89749,-2.3347285,-0.5528679,-1.7905725,61
2021,7,32.97974,21.476645,12.073078,1.0730478,0.66850984,0.42864785,13
2021,8,29.812138,20.878908,9.211825,-0.054416355,0.47332892,-0.43195835,12
2021,9,29.13096,20.928896,8.20283,-1.0165011,0.6541487,-1.6534518,17
2021,10,28.54141,17.716614,10.828058,-1.2394637,0.4575457,-1.7066016,79
2021,11,25.5152,14.021909,11.46703,-1.409183,0.35416076,-1.7571423,98
2021,12,21.60895,10.861353,10.743091,-1.6915193,0.3771274,-2.0686917,186
2022,1,20.35621,9.859725,10.458204,-2.2233188,0.13854492,-2.3613958,384
2022,2,24.745497,11.995753,12.724429,-2.1684334,-0.50921637,-1.6596887,1123
2022,3,33.520412,18.307402,15.214874,0.24777114,1.6551478,-1.4075277,15285
2022,4,36.932922,21.051973,15.890232,-0.47355956,1.0300729,-1.5041589,3758
2022,5,35.431404,21.9758,13.44751,-2.293616,-0.030727362,-2.2655869,1285
2022,6,35.840805,22.59252,13.359841,-0.19689795,0.31360856,-0.50973094,585
2022,7,30.886732,21.565203,9.815588,-0.50317866,0.70212394,-0.9030516,7
2022,8,29.055447,21.26725,7.9517193,-0.7501365,0.54084516,-1.2837964,6
2022,9,28.896465,20.451485,8.514341,-1.280049,0.37267968,-1.6349117,10
2022,10,28.327887,16.875679,11.444977,-1.4549135,-0.51263845,-0.93668854,32
2022,11,25.582008,13.954909,11.6268,-1.3531615,0.10383286,-1.4570527,118
2022,12,23.328241,12.368958,10.954474,0.0042003603,1.8957067,-1.8942697,114
